File_Name,Variant,Raw_OCR,Final_Text,Conf_0to1
100.png,SR2x+CLAHE-light,RJ45CK4748,RJ45CK4748,0.977492
1000.png,SR2x+CLAHE-light,RJ14CG6581,RJ14CG6581,0.994931
1001.png,CLAHE-light,RJ14CK8305,RJ14CK8305,0.977445
101.png,CLAHE-light,RJ14CZ0391,RJ14CZ0391,0.962691
102.png,SR2x+CLAHE-light,RJ45CH4583,RJ45CH4583,0.989781
103.png,SR2x+CLAHE-light,FRJ45CJ9969,RJ45CJ9969,0.972503
104.png,SR2x+CLAHE-light,RJ14LC6763,RJ14LC6763,0.987771
105.png,SR2x+CLAHE-light,RJ31CF7171,RJ31CF7171,0.990371
106.png,SR2x+CLAHE-light,RJ08CA6767,RJ08CA6767,0.953238
107.png,SR2x+CLAHE-light,RJ45CN9693,RJ45CN9693,0.979193
108.png,SR2x+CLAHE-light,RJ45CK7827,RJ45CK7827,0.99042
109.png,RAW,RJ45CQ1702,RJ45CQ1702,0.968408
111.png,RAW,RJ14CF 9928,RJ14CF9928,0.958835
112.png,SR2x+CLAHE-light,RJ45C09137,RJ45CQ9137,0.956798
113.png,CLAHE-light,RJ14CY6039,RJ14CY6039,0.965073
114.png,RAW,RJ14 CG 9094,RJ14CG9094,0.95733
115.png,RAW,FRJ14VC0628,RJ14VC0628,0.963137
116.png,SR2x+CLAHE-light,RJ14CD4810,RJ14CD4810,0.951586
118.png,SR2x+CLAHE-light,RJ14XC6909,RJ14XC6909,0.973019
119.png,SR2x+CLAHE-light,RJ01CB7236,RJ01CB7236,0.955994
120.png,RAW,RJ45CN2934,RJ45CN2934,0.991377
122.png,CLAHE-light,FRJ45CU0611,RJ45CU0611,0.9104
123.png,RAW,FRJ14079165,RJ14O79165,0.935928
124.png,SR2x+CLAHE-light,PRJ45CJ5888,RJ45CJ5888,0.879452
125.png,RAW,RJ45CV3753,RJ45CV3753,0.989971
126.png,SR2x+CLAHE-light,FRJ140C9780,RJ14QC9780,0.942096
127.png,RAW,RJ14NC3966,RJ14NC3966,0.994823
128.png,RAW,RJ45CU9366,RJ45CU9366,0.99641
129.png,SR2x+CLAHE-light,FRJ45CV2733,RJ45CV2733,0.950635
130.png,SR2x+CLAHE-light,FRJ31CA9891,RJ31CA9891,0.978153
132.png,CLAHE-light,RJ45CJ2575,RJ45CJ2575,0.97431
133.png,SR2x+CLAHE-light,FRJ06U86992,RJ06UB6992,0.942668
134.png,SR2x+CLAHE-light,FRJ14CW2974,RJ14CW2974,0.903502
135.png,SR2x+CLAHE-light,RJ14CJ6981,RJ14CJ6981,0.984102
136.png,RAW,RJ14UF3370,RJ14UF3370,0.990698
138.png,RAW,RJ02CC3751,RJ02CC3751,0.955004
139.png,RAW,RJ14 CK 8761,RJ14CK8761,0.9308
140.png,SR2x+CLAHE-light,RJ14UG6680,RJ14UG6680,0.987023
141.png,CLAHE-light,RJ14CN6911,RJ14CN6911,0.984584
142.png,CLAHE-light,RJ14 CF 3202,RJ14CF3202,0.9989
143.png,CLAHE-light,RJ14CF6174,RJ14CF6174,0.996297
144.png,CLAHE-light,RJ45CE6928,RJ45CE6928,0.99103
145.png,CLAHE-light,RJ14CQ9643,RJ14CQ9643,0.962465
147.png,SR2x+CLAHE-light,RJ148C8504,RJ14BC8504,0.982318
148.png,SR2x+CLAHE-light,RJI4CR9968,RJ14CR9968,0.91548
149.png,SR2x+CLAHE-light,FRJ45CJ4172,RJ45CJ4172,0.968061
151.png,CLAHE-light,RJ45CE 9024,RJ45CE9024,0.954515
152.png,RAW,FRJ14CU9485,RJ14CU9485,0.952401
153.png,SR2x+CLAHE-light,FRJ45CH3914,RJ45CH3914,0.985315
154.png,SR2x+CLAHE-light,RJ52.CA.1525,RJ52CA1525,0.994358
155.png,CLAHE-light,FRJ14UE5266,RJ14UE5266,0.960209
156.png,SR2x+CLAHE-light,RJ14 CD7282,RJ14CD7282,0.959547
157.png,SR2x+CLAHE-light,RJ149C0607,RJ149C0607,0.98893
158.png,RAW,RJ14CF4576,RJ14CF4576,0.986216
159.png,SR2x+CLAHE-light,IND,RJ1NDO0000,0.994263
160.png,SR2x+CLAHE-light,RJ45CE2359,RJ45CE2359,0.992189
161.png,SR2x+CLAHE-light,RJ14CD9828,RJ14CD9828,0.995624
162.png,RAW,RJ14AC3406,RJ14AC3406,0.982915
163.png,SR2x+CLAHE-light,IND,RJ1NDO0000,0.995688
164.png,SR2x+CLAHE-light,RJ140C7366,RJ14QC7366,0.98067
165.png,SR2x+CLAHE-light,RJ27CG3450,RJ27CG3450,0.991766
166.png,SR2x+CLAHE-light,RJ14LC6806,RJ14LC6806,0.978534
167.png,CLAHE-light,RJ45CE9326,RJ45CE9326,0.99644
168.png,RAW,RJ14CJ7361,RJ14CJ7361,0.981825
169.png,RAW,RJ140C9911,RJ14QC9911,0.967659
170.png,RAW,RJ45CM6548,RJ45CM6548,0.993989
171.png,CLAHE-light,RJ14 CQ 5181,RJ14CQ5181,0.997595
172.png,CLAHE-light,RJ14CZ5978,RJ14CZ5978,0.977185
173.png,RAW,RJ14CQ5169,RJ14CQ5169,0.98297
174.png,SR2x+CLAHE-light,RJ14CJ3055,RJ14CJ3055,0.994566
175.png,SR2x+CLAHE-light,RJ45CF6502,RJ45CF6502,0.996144
176.png,CLAHE-light,RJ45CK7660,RJ45CK7660,0.99098
177.png,SR2x+CLAHE-light,RJ14CQ4157,RJ14CQ4157,0.947937
178.png,SR2x+CLAHE-light,RJ45CT1218,RJ45CT1218,0.991232
179.png,SR2x+CLAHE-light,RJ14CE4832,RJ14CE4832,0.992519
180.png,CLAHE-light,RJ14AC9995,RJ14AC9995,0.986864
181.png,RAW, RJ45 CM 6663,RJ45CM6663,0.995079
182.png,SR2x+CLAHE-light,RJ45CP3789,RJ45CP3789,0.993815
183.png,SR2x+CLAHE-light,RJ05CA6259,RJ05CA6259,0.947844
184.png,RAW,RJ19CJ8458,RJ19CJ8458,0.991757
185.png,SR2x+CLAHE-light,RJ29CA8572,RJ29CA8572,0.990989
186.png,SR2x+CLAHE-light,RJ45CA3348,RJ45CA3348,0.98771
187.png,RAW,RJ47GA4087,RJ47GA4087,0.993855
188.png,SR2x+CLAHE-light,RJ14CX7348,RJ14CX7348,0.983067
189.png,CLAHE-light,RJ45CD0030,RJ45CD0030,0.983909
190.png,RAW,RJ14AC4077,RJ14AC4077,0.993776
191.png,SR2x+CLAHE-light,RJ14YC3736,RJ14YC3736,0.988118
192.png,SR2x+CLAHE-light,RJ14CQ 9163,RJ14CQ9163,0.929545
193.png,SR2x+CLAHE-light,RJ14UB0458,RJ14UB0458,0.985236
194.png,SR2x+CLAHE-light,RJ14CJ5487,RJ14CJ5487,0.982566
195.png,RAW,RJ14NC4341,RJ14NC4341,0.992655
196.png,SR2x+CLAHE-light,RJ14CQ8687,RJ14CQ8687,0.983958
197.png,RAW,RJ14CZ3037,RJ14CZ3037,0.989371
198.png,SR2x+CLAHE-light,IND,RJ1NDO0000,0.996037
199.png,RAW,RJ36CB8777,RJ36CB8777,0.973129
200.png,SR2x+CLAHE-light,RJ14WC7911,RJ14WC7911,0.951352
201.png,SR2x+CLAHE-light,RJ14XC2277,RJ14XC2277,0.970654
202.png,RAW,RJ45CG1222,RJ45CG1222,0.954134
203.png,RAW,RJ45CF9621,RJ45CF9621,0.99332
204.png,RAW,RJ14CH2442,RJ14CH2442,0.982893
205.png,CLAHE-light,RJ14CX2496,RJ14CX2496,0.981099
206.png,SR2x+CLAHE-light,RJ45CT3022,RJ45CT3022,0.984604
207.png,SR2x+CLAHE-light,RJ14XC0512,RJ14XC0512,0.973226
208.png,SR2x+CLAHE-light,RJ13 CA 5520,RJ13CA5520,0.934826
209.png,SR2x+CLAHE-light,RJ14UD0772,RJ14UD0772,0.97872
210.png,SR2x+CLAHE-light,RJ45CK1474,RJ45CK1474,0.991162
212.png,RAW,RJ14CD6355,RJ14CD6355,0.98583
213.png,RAW,RJ14CJ4269,RJ14CJ4269,0.982582
214.png,CLAHE-light,RJ14CY1134,RJ14CY1134,0.970886
215.png,RAW,ERJ45CT2231,RJ45CT2231,0.927599
216.png,RAW,RJ45CM9091,RJ45CM9091,0.956944
217.png,SR2x+CLAHE-light,RJ14TF0294,RJ14TF0294,0.983953
218.png,SR2x+CLAHE-light,RJ45CL7067,RJ45CL7067,0.98802
219.png,RAW,RJ45CR6853,RJ45CR6853,0.991141
220.png,SR2x+CLAHE-light,RJ14CQ3553,RJ14CQ3553,0.983279
221.png,SR2x+CLAHE-light,RJ14CB0709,RJ14CB0709,0.96959
222.png,SR2x+CLAHE-light,RJ14CQ0560,RJ14CQ0560,0.979774
223.png,RAW,RJ14ZC4023,RJ14ZC4023,0.996267
224.png,SR2x+CLAHE-light,RJ14VC4981,RJ14VC4981,0.978847
225.png,SR2x+CLAHE-light,RJ45C02581,RJ45CQ2581,0.96504
226.png,CLAHE-light,1385,RJ13BS0000,0.998154
227.png,CLAHE-light,RJ14 CL4477,RJ14CL4477,0.940264
228.png,CLAHE-light,RJ01CB9294,RJ01CB9294,0.950054
229.png,CLAHE-light,RJ14CV1286,RJ14CV1286,0.976219
230.png,RAW,RJ45CT4349,RJ45CT4349,0.991893
231.png,SR2x+CLAHE-light,RJ14CX9236,RJ14CX9236,0.960084
232.png,SR2x+CLAHE-light,RJ14VC6735,RJ14VC6735,0.978254
233.png,SR2x+CLAHE-light,RJ01CE3953,RJ01CE3953,0.962313
234.png,SR2x+CLAHE-light,RJ14YC3009,RJ14YC3009,0.991797
235.png,CLAHE-light,RJ14CN6419,RJ14CN6419,0.989916
236.png,RAW,RJ14CZ5492,RJ14CZ5492,0.993888
237.png,RAW,5315,RJ53IS0000,0.995287
238.png,RAW,RJ14CY9553,RJ14CY9553,0.98254
239.png,SR2x+CLAHE-light,RJ14C03981,RJ14CQ3981,0.978695
240.png,RAW,RJ14QC9673,RJ14QC9673,0.982283
241.png,RAW,RJ14U02000,RJ14UO2000,0.940739
242.png,SR2x+CLAHE-light,RJ45CK1303,RJ45CK1303,0.989266
243.png,SR2x+CLAHE-light,RJ45CL6966,RJ45CL6966,0.990345
244.png,CLAHE-light,RJ14VC3804,RJ14VC3804,0.978809
245.png,RAW,RJ45CT4296,RJ45CT4296,0.979909
246.png,CLAHE-light,RJ14UH7714,RJ14UH7714,0.996043
247.png,SR2x+CLAHE-light,IND,RJ1NDO0000,0.997188
248.png,RAW,RJ45CJ3253,RJ45CJ3253,0.995622
249.png,SR2x+CLAHE-light,RJ14CP6854,RJ14CP6854,0.985369
250.png,SR2x+CLAHE-light,RJ45CL3942,RJ45CL3942,0.991276
251.png,CLAHE-light,~RJ45CH2013,RJ45CH2013,0.978972
252.png,SR2x+CLAHE-light,RJ45CN0760,RJ45CN0760,0.973541
253.png,CLAHE-light,RJ14CF9305,RJ14CF9305,0.983432
254.png,SR2x+CLAHE-light,RJ14TE0155,RJ14TE0155,0.991923
255.png,RAW,RJ14 CC 6396,RJ14CC6396,0.994922
256.png,RAW,RJ45CH4653,RJ45CH4653,0.992509
257.png,SR2x+CLAHE-light,RJ45CJ5975,RJ45CJ5975,0.994357
258.png,CLAHE-light,RJ14CJ3755,RJ14CJ3755,0.970957
259.png,CLAHE-light,RJ14UJ7600,RJ14UJ7600,0.976228
260.png,SR2x+CLAHE-light,RJ45CL7457,RJ45CL7457,0.946161
261.png,SR2x+CLAHE-light,RJ45CD0019,RJ45CD0019,0.939766
262.png,RAW,RJ14CE1623,RJ14CE1623,0.988226
263.png,SR2x+CLAHE-light,RJ45CM1052,RJ45CM1052,0.98826
265.png,SR2x+CLAHE-light,RJ14CP6297,RJ14CP6297,0.912456
266.png,RAW,RJ14UE9133,RJ14UE9133,0.995067
267.png,CLAHE-light,FRJ13CD5961,RJ13CD5961,0.939152
268.png,RAW,RJ20CB6596,RJ20CB6596,0.980681
269.png,CLAHE-light,RJ05 UA 1774,RJ05UA1774,0.904793
270.png,SR2x+CLAHE-light,RJ14CY9059,RJ14CY9059,0.978016
271.png,RAW,RJ45CS8071,RJ45CS8071,0.98761
272.png,SR2x+CLAHE-light,RJ140C5050,RJ14QC5050,0.963316
274.png,CLAHE-light,RJ14CJ0098,RJ14CJ0098,0.995998
275.png,SR2x+CLAHE-light,RJ45CN5353,RJ45CN5353,0.994843
276.png,CLAHE-light,RJ45CK5945,RJ45CK5945,0.990415
277.png,RAW,RJ45CD4649,RJ45CD4649,0.97821
278.png,SR2x+CLAHE-light,FRJ14VC1636,RJ14VC1636,0.945756
279.png,CLAHE-light,RS14CV3353,RJR5I4CV33,0.965634
281.png,SR2x+CLAHE-light,RJ14NC5490,RJ14NC5490,0.990435
282.png,SR2x+CLAHE-light,RJO1CB5131,RJ01CB5131,0.927753
283.png,CLAHE-light,RJ14CV7829,RJ14CV7829,0.976831
284.png,SR2x+CLAHE-light,RJ14CR3822,RJ14CR3822,0.990535
285.png,SR2x+CLAHE-light,RJ14CE8657,RJ14CE8657,0.979257
286.png,SR2x+CLAHE-light,RJ45CN4075,RJ45CN4075,0.993189
287.png,RAW,RJ13CC9939,RJ13CC9939,0.977657
288.png,RAW,RJ45CF8419,RJ45CF8419,0.991795
289.png,SR2x+CLAHE-light,RJ42CA4092,RJ42CA4092,0.975456
290.png,RAW,RJ45CL9939,RJ45CL9939,0.99586
291.png,SR2x+CLAHE-light,RJ34CA6874,RJ34CA6874,0.988259
292.png,CLAHE-light,-RS14AC6424,RJR5I4AC64,0.918073
294.png,RAW,RJ45CS6794,RJ45CS6794,0.990628
295.png,RAW,RJ14CL7109,RJ14CL7109,0.994725
296.png,SR2x+CLAHE-light,RJ14CY4327,RJ14CY4327,0.966895
297.png,RAW,RJ45CG8553,RJ45CG8553,0.966636
298.png,RAW,-RJ45CM9590,RJ45CM9590,0.945764
299.png,RAW,-RJ25CA7177,RJ25CA7177,0.941539
300.png,RAW,RJ20C67278,RJ20C67278,0.928373
301.png,RAW,RJ14CW7787,RJ14CW7787,0.950457
302.png,RAW,RJ27CG1234,RJ27CG1234,0.985904
303.png,CLAHE-light,RJ45CN0340,RJ45CN0340,0.979589
304.png,SR2x+CLAHE-light,RJ23CC3290,RJ23CC3290,0.969286
305.png,RAW,RJ14 CG 1753,RJ14CG1753,0.960428
306.png,SR2x+CLAHE-light,IND,RJ1NDO0000,0.998075
307.png,RAW,RJ45CE6928,RJ45CE6928,0.983786
308.png,SR2x+CLAHE-light,FRJ23CC3290,RJ23CC3290,0.937493
309.png,RAW,RJ14TE9879,RJ14TE9879,0.997524
310.png,RAW,RJ45CE6928,RJ45CE6928,0.99672
311.png,CLAHE-light,RJ45CF4478,RJ45CF4478,0.966803
312.png,SR2x+CLAHE-light,RJ02CC9572,RJ02CC9572,0.928006
313.png,SR2x+CLAHE-light,RJ4UF7821,RJ4UF78210,0.849278
314.png,SR2x+CLAHE-light,FRJ45CM6663,RJ45CM6663,0.950886
316.png,SR2x+CLAHE-light,RJ23CC9808,RJ23CC9808,0.972161
317.png,RAW,RJ14CR8650,RJ14CR8650,0.972419
318.png,CLAHE-light,RJ14ZC2898,RJ14ZC2898,0.982463
319.png,CLAHE-light,RJ14ZC2898,RJ14ZC2898,0.987702
320.png,SR2x+CLAHE-light,RJ14CM5958,RJ14CM5958,0.988795
322.png,SR2x+CLAHE-light,RJ14XC9775,RJ14XC9775,0.955383
324.png,RAW,~RJ47UB0221,RJ47UB0221,0.980838
325.png,RAW,RJ14CL5038,RJ14CL5038,0.994075
326.png,SR2x+CLAHE-light,RJ45CT4953,RJ45CT4953,0.994041
327.png,CLAHE-light,RJ14CY6163,RJ14CY6163,0.987946
329.png,RAW,RJ14XC5078,RJ14XC5078,0.984808
330.png,CLAHE-light,RJ45CJ4569,RJ45CJ4569,0.98938
331.png,RAW,RJO7UC4983,RJ07UC4983,0.977391
334.png,RAW,RJ45CM1278,RJ45CM1278,0.992555
336.png,CLAHE-light,RJ45CH5898,RJ45CH5898,0.987269
337.png,SR2x+CLAHE-light,RJ45CH5898,RJ45CH5898,0.987349
338.png,RAW,RJ14CN9474,RJ14CN9474,0.989016
339.png,SR2x+CLAHE-light,RJ14CA7406,RJ14CA7406,0.986795
340.png,RAW,RJ49CA3195,RJ49CA3195,0.99329
342.png,SR2x+CLAHE-light,RJ45CU4154,RJ45CU4154,0.988669
343.png,CLAHE-light,RJ13CB4334,RJ13CB4334,0.988374
346.png,SR2x+CLAHE-light,RJ14UF3853,RJ14UF3853,0.990667
347.png,SR2x+CLAHE-light,RJ14 CE9566,RJ14CE9566,0.956585
348.png,RAW,RJ45CJ4912,RJ45CJ4912,0.99052
349.png,RAW,RJ14CY2297,RJ14CY2297,0.980865
350.png,CLAHE-light,RJ14TB.3340,RJ14TB3340,0.943299
351.png,SR2x+CLAHE-light,RJ14UE2634,RJ14UE2634,0.987643
352.png,SR2x+CLAHE-light,RJ14LC7020,RJ14LC7020,0.990164
353.png,SR2x+CLAHE-light,RJ14TB1532,RJ14TB1532,0.981214
354.png,RAW,RJ14TB1532,RJ14TB1532,0.989807
355.png,SR2x+CLAHE-light,RJ14C06834,RJ14CQ6834,0.937553
356.png,SR2x+CLAHE-light,RJ140C2466,RJ14QC2466,0.984301
357.png,SR2x+CLAHE-light,RJ-21-UA-6951,RJ21UA6951,0.963333
358.png,SR2x+CLAHE-light,RJ42CA2609,RJ42CA2609,0.985925
359.png,SR2x+CLAHE-light,RJ14T00050,RJ14TO0050,0.95804
360.png,SR2x+CLAHE-light,RJ14UG9174,RJ14UG9174,0.988279
361.png,CLAHE-light,RJ21CB9889,RJ21CB9889,0.975078
362.png,CLAHE-light,RJ45CP2856,RJ45CP2856,0.994624
364.png,CLAHE-light,RJ20CF1019,RJ20CF1019,0.978719
365.png,CLAHE-light,RJ14CN3290,RJ14CN3290,0.988355
366.png,RAW,RJ18TA2689,RJ18TA2689,0.997618
367.png,RAW,RJ41UA2827,RJ41UA2827,0.991146
368.png,SR2x+CLAHE-light,RJ47TA0050,RJ47TA0050,0.971195
369.png,RAW,RJ140C8708,RJ14QC8708,0.957897
370.png,CLAHE-light,RJ14TB9803,RJ14TB9803,0.973772
371.png,CLAHE-light,RJ14TA6551,RJ14TA6551,0.994606
372.png,SR2x+CLAHE-light,RJ14YC7926,RJ14YC7926,0.9847
373.png,SR2x+CLAHE-light,RJ14TE2837,RJ14TE2837,0.99095
374.png,SR2x+CLAHE-light,RJ14TD5707,RJ14TD5707,0.964182
375.png,SR2x+CLAHE-light,RJ19TA-0994,RJ19TA0994,0.968352
377.png,RAW,RJ14CY7851,RJ14CY7851,0.983906
379.png,CLAHE-light,RJ45CQ4036,RJ45CQ4036,0.983398
380.png,SR2x+CLAHE-light,RJ14CK0008,RJ14CK0008,0.993148
381.png,CLAHE-light,RJ14CT4026,RJ14CT4026,0.986953
382.png,CLAHE-light,RJ14UD5383,RJ14UD5383,0.987495
383.png,SR2x+CLAHE-light,RJ40CA1097,RJ40CA1097,0.98983
386.png,SR2x+CLAHE-light,RJ45CE4246,RJ45CE4246,0.993735
387.png,CLAHE-light,RJ45CT1012,RJ45CT1012,0.990296
388.png,CLAHE-light,RJ14CR5019,RJ14CR5019,0.988729
389.png,SR2x+CLAHE-light,RJ23UB6081,RJ23UB6081,0.988731
390.png,SR2x+CLAHE-light,RJ02CC6621,RJ02CC6621,0.968604
391.png,SR2x+CLAHE-light,RJ21UG0044,RJ21UG0044,0.981286
392.png,RAW,RJ14UF1632,RJ14UF1632,0.989382
393.png,CLAHE-light,RJ45CT9496,RJ45CT9496,0.990454
394.png,SR2x+CLAHE-light,RJ18CD2193,RJ18CD2193,0.994871
395.png,SR2x+CLAHE-light,RJ02CC 4642,RJ02CC4642,0.943635
396.png,CLAHE-light,RJ14UG8209,RJ14UG8209,0.992324
397.png,RAW,~RJ45CP5704,RJ45CP5704,0.992061
398.png,SR2x+CLAHE-light,RJ45CA2953,RJ45CA2953,0.994881
399.png,RAW,RJ45CR2576,RJ45CR2576,0.993582
400.png,CLAHE-light,RJ13CB6214,RJ13CB6214,0.97058
401.png,SR2x+CLAHE-light,RJ4CL1162,RJ4CLI1620,0.982884
402.png,CLAHE-light,RJ14 ZC2864,RJ14ZC2864,0.968987
403.png,SR2x+CLAHE-light,RJ14CU5325,RJ14CU5325,0.986628
404.png,SR2x+CLAHE-light,RJ14UH7046,RJ14UH7046,0.981652
405.png,RAW,RJ14TD0733,RJ14TD0733,0.991913
406.png,SR2x+CLAHE-light,RJ45CS0617,RJ45CS0617,0.985829
407.png,RAW,RJ14TB4095,RJ14TB4095,0.996281
408.png,RAW,RJ45CT6689,RJ45CT6689,0.986224
409.png,RAW,RJ14TB1265,RJ14TB1265,0.997944
410.png,RAW,RJ14TB7738,RJ14TB7738,0.965701
411.png,SR2x+CLAHE-light,RJ14TD0908,RJ14TD0908,0.982999
412.png,CLAHE-light,RJ14TD4148,RJ14TD4148,0.974211
413.png,RAW,RJ14UD8337,RJ14UD8337,0.978493
414.png,SR2x+CLAHE-light,RJ06UA9743,RJ06UA9743,0.979673
415.png,RAW,FRJ14TD7268,RJ14TD7268,0.951788
416.png,RAW,RJ47TA0568,RJ47TA0568,0.995916
417.png,RAW,RJ14TB7210,RJ14TB7210,0.980198
418.png,CLAHE-light,RJ18CD3382,RJ18CD3382,0.981869
419.png,CLAHE-light,RJ23UA4493,RJ23UA4493,0.989549
420.png,CLAHE-light,RJ14UH4591,RJ14UH4591,0.992784
421.png,SR2x+CLAHE-light,RJ14T89315,RJ14TB9315,0.948661
423.png,SR2x+CLAHE-light,RJ22UB1551,RJ22UB1551,0.973576
425.png,SR2x+CLAHE-light,RJ45CT3790,RJ45CT3790,0.985793
426.png,CLAHE-light,RJ45CT1885,RJ45CT1885,0.993572
427.png,SR2x+CLAHE-light,RJ45CT3790,RJ45CT3790,0.985793
428.png,SR2x+CLAHE-light,RJ07CD5141,RJ07CD5141,0.952945
429.png,RAW,RJ45CE2714,RJ45CE2714,0.993905
430.png,SR2x+CLAHE-light,RJ06CC2305,RJ06CC2305,0.963874
434.png,CLAHE-light,RJ14 CA9656,RJ14CA9656,0.963571
435.png,SR2x+CLAHE-light,RJ14VC5878,RJ14VC5878,0.978428
436.png,SR2x+CLAHE-light,RJ14CN2137,RJ14CN2137,0.994454
437.png,CLAHE-light,RJ45CU8299,RJ45CU8299,0.992149
438.png,RAW,RJ14CT8400,RJ14CT8400,0.988309
440.png,CLAHE-light,RJ14WC6764,RJ14WC6764,0.94604
441.png,SR2x+CLAHE-light,RJ14NC3343,RJ14NC3343,0.985612
442.png,RAW,RJ45CD8518,RJ45CD8518,0.978123
443.png,CLAHE-light,RJ14UJ0242,RJ14UJ0242,0.986478
444.png,RAW,RJ45CD2364,RJ45CD2364,0.98943
445.png,CLAHE-light,RJ45CD2266,RJ45CD2266,0.986494
448.png,CLAHE-light,RJ14QC5546,RJ14QC5546,0.974609
449.png,RAW,RJ14CF7683,RJ14CF7683,0.987723
450.png,SR2x+CLAHE-light,RJ45CS4085,RJ45CS4085,0.989899
451.png,SR2x+CLAHE-light,RJ14NC5923,RJ14NC5923,0.989218
452.png,SR2x+CLAHE-light,RJ45CJ7465,RJ45CJ7465,0.992852
453.png,CLAHE-light,RJ45CJ7465,RJ45CJ7465,0.992472
454.png,RAW,RJ45CT9803,RJ45CT9803,0.987818
455.png,SR2x+CLAHE-light,RJ45CT1436,RJ45CT1436,0.986841
456.png,RAW,RJ14ZC6072,RJ14ZC6072,0.996926
457.png,CLAHE-light,RJ45CD2368,RJ45CD2368,0.976669
458.png,RAW,RJ23CF0191,RJ23CF0191,0.985954
459.png,CLAHE-light,RJ14CG3680,RJ14CG3680,0.984091
460.png,RAW,RJ23CF0191,RJ23CF0191,0.985954
461.png,CLAHE-light,RJ14CW1676,RJ14CW1676,0.98321
462.png,RAW,RJ45CG9447,RJ45CG9447,0.9795
463.png,RAW,RJ14CT1008,RJ14CT1008,0.989094
464.png,RAW,RJ14CG4816,RJ14CG4816,0.980457
466.png,CLAHE-light,RJ14Cx1444,RJ14CX1444,0.886583
468.png,SR2x+CLAHE-light,RJ14CY9956,RJ14CY9956,0.980673
469.png,RAW,RJ14UB 3506,RJ14UB3506,0.951711
470.png,SR2x+CLAHE-light,RJ14CN9542,RJ14CN9542,0.993029
471.png,SR2x+CLAHE-light,RJ45CA3018,RJ45CA3018,0.994217
472.png,RAW,RJ45CA3018,RJ45CA3018,0.994124
473.png,SR2x+CLAHE-light,RJ45CD2088,RJ45CD2088,0.939795
475.png,RAW,RJ45CF1106,RJ45CF1106,0.995017
476.png,SR2x+CLAHE-light,RJ14XC6954,RJ14XC6954,0.961488
477.png,RAW,RJ45CF1106,RJ45CF1106,0.995017
478.png,SR2x+CLAHE-light,RJ14XC6954,RJ14XC6954,0.961488
479.png,RAW,RJ14CG7712,RJ14CG7712,0.98829
480.png,SR2x+CLAHE-light,RJ14UE7081,RJ14UE7081,0.990431
482.png,SR2x+CLAHE-light,RJ45CN2371,RJ45CN2371,0.99462
484.png,SR2x+CLAHE-light,RJ02C89902,RJ02CB9902,0.929068
485.png,SR2x+CLAHE-light,RJ14CX6658,RJ14CX6658,0.976992
486.png,SR2x+CLAHE-light,RJ27CH0374,RJ27CH0374,0.985803
487.png,RAW,RJ14UD1659,RJ14UD1659,0.991349
488.png,RAW,RJ14UD1659,RJ14UD1659,0.991349
489.png,SR2x+CLAHE-light,RJ14UJ2908,RJ14UJ2908,0.994176
490.png,RAW,RJ45CH7489,RJ45CH7489,0.996181
491.png,SR2x+CLAHE-light,RJ143C4708,RJ143C4708,0.991301
493.png,RAW,RJ45CF6659,RJ45CF6659,0.990781
495.png,CLAHE-light,RJ45CK8999,RJ45CK8999,0.994249
499.png,SR2x+CLAHE-light,RJ14NC8821,RJ14NC8821,0.969114
500.png,RAW,RJ45CL8141,RJ45CL8141,0.989889
501.png,CLAHE-light,RJ45CP5152,RJ45CP5152,0.991694
504.png,SR2x+CLAHE-light,RJ45CJ6596,RJ45CJ6596,0.99183
505.png,RAW,RJ45CJ4318,RJ45CJ4318,0.994735
506.png,RAW,RJ14CZ8472,RJ14CZ8472,0.992812
507.png,SR2x+CLAHE-light,RJ45CE4794,RJ45CE4794,0.983888
510.png,CLAHE-light,RJ45CN8319,RJ45CN8319,0.994058
511.png,SR2x+CLAHE-light,RJ14CX3214,RJ14CX3214,0.983088
513.png,RAW,RJ01CB9722,RJ01CB9722,0.908326
514.png,SR2x+CLAHE-light,RJ14CM0432,RJ14CM0432,0.988809
515.png,RAW,RJ19CE6441,RJ19CE6441,0.988982
516.png,RAW,RJ14YC6644,RJ14YC6644,0.981342
517.png,CLAHE-light,RJ45CS7817,RJ45CS7817,0.987904
519.png,RAW,RJ45CL7767,RJ45CL7767,0.988055
520.png,RAW,RJ14CP8198,RJ14CP8198,0.996423
521.png,RAW,RJ14LC2878,RJ14LC2878,0.992085
522.png,SR2x+CLAHE-light,RJ41CA2238,RJ41CA2238,0.976962
523.png,SR2x+CLAHE-light,RJ45CH8643,RJ45CH8643,0.988705
524.png,SR2x+CLAHE-light,RJ14CZ1668,RJ14CZ1668,0.986494
525.png,CLAHE-light,RJ14VC4128,RJ14VC4128,0.987786
527.png,SR2x+CLAHE-light,RJ14LC2314,RJ14LC2314,0.980813
528.png,SR2x+CLAHE-light,RJ45CU4981,RJ45CU4981,0.992883
529.png,RAW,RJ14VC1266,RJ14VC1266,0.984444
530.png,RAW,RJ14CY2654,RJ14CY2654,0.990094
531.png,SR2x+CLAHE-light,RJ14CT4301,RJ14CT4301,0.989456
532.png,SR2x+CLAHE-light,RJ14HC9782,RJ14HC9782,0.952684
534.png,CLAHE-light,RJ14WC9782,RJ14WC9782,0.951967
535.png,SR2x+CLAHE-light,RJ14LC3054,RJ14LC3054,0.97887
536.png,SR2x+CLAHE-light,RJ14AC7430,RJ14AC7430,0.990438
537.png,CLAHE-light,RJ14YC7453,RJ14YC7453,0.979453
538.png,RAW,RJ14C03299,RJ14CQ3299,0.93834
539.png,RAW,RJ45CD4723,RJ45CD4723,0.992863
540.png,RAW,RJ14CR4952,RJ14CR4952,0.988967
541.png,SR2x+CLAHE-light,RJ03CA8807,RJ03CA8807,0.966613
542.png,RAW,-RJ14WC0195,RJ14WC0195,0.940537
544.png,RAW,RJ14CT9149,RJ14CT9149,0.979355
546.png,RAW,2566,RJ25660000,0.997024
548.png,RAW,2566,RJ25660000,0.997024
549.png,CLAHE-light,RJ45CT4817,RJ45CT4817,0.990975
551.png,RAW,RJ45CE8988,RJ45CE8988,0.990299
554.png,RAW,RJ45CF9239,RJ45CF9239,0.995043
555.png,RAW,RJ14XC1470,RJ14XC1470,0.989446
556.png,RAW,RJ19CE1032,RJ19CE1032,0.991394
557.png,SR2x+CLAHE-light,RJ14WC2203,RJ14WC2203,0.985325
558.png,SR2x+CLAHE-light,RJ45CS5230,RJ45CS5230,0.991551
559.png,SR2x+CLAHE-light,RJ45CK0487,RJ45CK0487,0.99256
560.png,RAW,7291,RJ729I0000,0.999426
561.png,CLAHE-light,RJ14CU8301,RJ14CU8301,0.982326
563.png,RAW,RJ40UA1802,RJ40UA1802,0.986936
564.png,RAW,RJ14WC9272,RJ14WC9272,0.980953
566.png,SR2x+CLAHE-light,RJ45CS0638,RJ45CS0638,0.976947
568.png,RAW,RJ14CL8997,RJ14CL8997,0.991714
569.png,CLAHE-light,RJ14UG9738,RJ14UG9738,0.986055
570.png,RAW,RJ04CA7197,RJ04CA7197,0.979531
571.png,CLAHE-light,RJ14ZC8007,RJ14ZC8007,0.958121
573.png,CLAHE-light,RJ14UH0436,RJ14UH0436,0.983388
574.png,SR2x+CLAHE-light,RJ14LC4620,RJ14LC4620,0.989984
576.png,SR2x+CLAHE-light,RJ14CU5539,RJ14CU5539,0.994316
577.png,CLAHE-light,RJ14CL4005,RJ14CL4005,0.983892
578.png,RAW,RJ45CM4942,RJ45CM4942,0.966193
579.png,RAW,RJ14CM6318,RJ14CM6318,0.990899
580.png,CLAHE-light,2095,RJ209S0000,0.999485
581.png,CLAHE-light,RJ14XC6684,RJ14XC6684,0.977786
582.png,RAW,RJ14AC7435,RJ14AC7435,0.966022
583.png,RAW,RJ14CQ4852,RJ14CQ4852,0.932564
584.png,RAW,RJ14CH5905,RJ14CH5905,0.996821
585.png,RAW,RJ14CM1812,RJ14CM1812,0.982321
586.png,RAW,RJ14UG4439,RJ14UG4439,0.991601
587.png,RAW,RJ21CA5505,RJ21CA5505,0.983282
588.png,RAW,RJ14YC4911,RJ14YC4911,0.994373
591.png,CLAHE-light,RJ18UC0731,RJ18UC0731,0.982787
593.png,RAW,RJ14XC5483,RJ14XC5483,0.981611
594.png,SR2x+CLAHE-light,RJ19CC-8131,RJ19CC8131,0.968586
595.png,RAW,RJ45CL7121,RJ45CL7121,0.993552
597.png,SR2x+CLAHE-light,RJ14CT6932,RJ14CT6932,0.990065
598.png,CLAHE-light,RJ14CJ2806,RJ14CJ2806,0.985148
60.png,SR2x+CLAHE-light,RJ45CG8893,RJ45CG8893,0.97826
600.png,RAW,RJ45 CF,RJ45CF0000,0.999114
601.png,RAW,RJ45CE6832,RJ45CE6832,0.996665
602.png,SR2x+CLAHE-light,RJ45CP5873,RJ45CP5873,0.972221
604.png,RAW,RJ14CV6896,RJ14CV6896,0.961555
605.png,CLAHE-light,RJ14XC9225,RJ14XC9225,0.97323
607.png,SR2x+CLAHE-light,RJ45CH3180,RJ45CH3180,0.995715
609.png,RAW,RJ20CH0018,RJ20CH0018,0.971115
61.png,SR2x+CLAHE-light,RJ44CA5682,RJ44CA5682,0.993416
610.png,RAW,RJ45CJ0248,RJ45CJ0248,0.98921
613.png,SR2x+CLAHE-light,RJ45CH4066,RJ45CH4066,0.993606
614.png,SR2x+CLAHE-light,RJ19CJ4588,RJ19CJ4588,0.990469
615.png,SR2x+CLAHE-light,RJ45CN2244,RJ45CN2244,0.987153
616.png,RAW,RJ14WC7432,RJ14WC7432,0.964328
617.png,CLAHE-light,RJ14UH6989,RJ14UH6989,0.993751
62.png,RAW,RJ14LC6256,RJ14LC6256,0.956663
620.png,RAW,RJ14YC3368,RJ14YC3368,0.993972
622.png,SR2x+CLAHE-light,RJ14VC5005,RJ14VC5005,0.971898
624.png,CLAHE-light,RJ14XC5212,RJ14XC5212,0.985238
625.png,SR2x+CLAHE-light,RJ14CX9884,RJ14CX9884,0.983995
626.png,SR2x+CLAHE-light,RJ45CH4066,RJ45CH4066,0.993606
627.png,RAW,RJ14NC9499,RJ14NC9499,0.988068
628.png,SR2x+CLAHE-light,RJ14NC9499,RJ14NC9499,0.982708
629.png,SR2x+CLAHE-light,RJ45CA3146,RJ45CA3146,0.991872
63.png,RAW,RJ45CL4097,RJ45CL4097,0.988358
630.png,CLAHE-light,RJ02CB5825,RJ02CB5825,0.945045
631.png,SR2x+CLAHE-light,RJ45CM2886,RJ45CM2886,0.996514
632.png,SR2x+CLAHE-light,RJ14CP1025,RJ14CP1025,0.949653
633.png,RAW,RJ14YC9793,RJ14YC9793,0.965915
634.png,SR2x+CLAHE-light,RJ32CA6709,RJ32CA6709,0.993664
635.png,SR2x+CLAHE-light,RJ03CB0994,RJ03CB0994,0.966882
636.png,SR2x+CLAHE-light,RJ45CT6204,RJ45CT6204,0.98855
637.png,RAW,RJ14CY6203,RJ14CY6203,0.949051
638.png,SR2x+CLAHE-light,RJ14CP2973,RJ14CP2973,0.984244
639.png,CLAHE-light,RJ45CM4771,RJ45CM4771,0.969974
64.png,CLAHE-light,RJ14CY5251,RJ14CY5251,0.956531
640.png,SR2x+CLAHE-light,RJ14XC2773,RJ14XC2773,0.978887
641.png,SR2x+CLAHE-light,RJ14UE7301,RJ14UE7301,0.990075
642.png,SR2x+CLAHE-light,RJ45CR5880,RJ45CR5880,0.987927
643.png,SR2x+CLAHE-light,RJ14CT3041,RJ14CT3041,0.986611
644.png,CLAHE-light,RJ45CU0891,RJ45CU0891,0.98443
645.png,RAW,RJ45CJ8382,RJ45CJ8382,0.994084
646.png,SR2x+CLAHE-light,RJ45CM2647,RJ45CM2647,0.980015
647.png,RAW,RJ45CK8330,RJ45CK8330,0.990818
648.png,SR2x+CLAHE-light,RJ14WC0885,RJ14WC0885,0.914323
649.png,RAW,RJ14AC3937,RJ14AC3937,0.981932
65.png,RAW,ERJ45C03586,RJ45CQ3586,0.925573
650.png,RAW,FRJ01CC7603,RJ01CC7603,0.931021
651.png,CLAHE-light,RJ20CF9232,RJ20CF9232,0.991931
652.png,SR2x+CLAHE-light,RJ14XC1164,RJ14XC1164,0.983793
653.png,RAW,RJ45CT4169,RJ45CT4169,0.991554
654.png,CLAHE-light,RJ19CH8577,RJ19CH8577,0.990884
655.png,RAW,RJ14 CG4303,RJ14CG4303,0.942649
656.png,CLAHE-light,RJ45CM0383,RJ45CM0383,0.981907
657.png,RAW,RJ45CP7980,RJ45CP7980,0.991006
658.png,CLAHE-light,RJ45CL6649,RJ45CL6649,0.989031
659.png,CLAHE-light,RJ18CB4911,RJ18CB4911,0.986768
66.png,SR2x+CLAHE-light,RJ45CN1428,RJ45CN1428,0.989901
660.png,SR2x+CLAHE-light,FRJ140C2077,RJ14QC2077,0.904144
661.png,SR2x+CLAHE-light,RJ45CH6201,RJ45CH6201,0.988781
662.png,RAW,RJ45CJ6185,RJ45CJ6185,0.990671
663.png,RAW,RJ45CT9942,RJ45CT9942,0.990964
664.png,CLAHE-light,RJ45CT7135,RJ45CT7135,0.986705
665.png,RAW,RJ14AC5894,RJ14AC5894,0.987949
666.png,CLAHE-light,RJ45CF7325,RJ45CF7325,0.983935
668.png,SR2x+CLAHE-light,RJ14CM2185,RJ14CM2185,0.98461
669.png,CLAHE-light,RJ14UH4783,RJ14UH4783,0.99217
67.png,RAW,RJ27CF1140,RJ27CF1140,0.990651
670.png,SR2x+CLAHE-light,RJ14CG3958,RJ14CG3958,0.949284
671.png,SR2x+CLAHE-light,RJ14C02563,RJ14CQ2563,0.954749
672.png,SR2x+CLAHE-light,RJ14AC3436,RJ14AC3436,0.989305
673.png,RAW,RJ14CX6736,RJ14CX6736,0.969012
674.png,RAW,RJ45CR1777,RJ45CR1777,0.991227
675.png,RAW,RJ45CE7429,RJ45CE7429,0.99634
676.png,SR2x+CLAHE-light,RJ14CA4739,RJ14CA4739,0.997585
677.png,SR2x+CLAHE-light,RJ45CR1451,RJ45CR1451,0.98942
678.png,SR2x+CLAHE-light,RJ42CA1091,RJ42CA1091,0.992855
68.png,SR2x+CLAHE-light,FRJ14CB5169,RJ14CB5169,0.933161
680.png,SR2x+CLAHE-light,RJ45CG8948,RJ45CG8948,0.96115
681.png,CLAHE-light,RJ45CD5488,RJ45CD5488,0.958504
682.png,SR2x+CLAHE-light,7459,RJ74S90000,0.999475
683.png,CLAHE-light,RJ14YC1606,RJ14YC1606,0.992615
684.png,SR2x+CLAHE-light,7879,RJ78790000,0.998979
685.png,RAW,RJ45CD9304,RJ45CD9304,0.983589
687.png,SR2x+CLAHE-light,RJ14UE5517,RJ14UE5517,0.991279
688.png,RAW,RJ14YC7682,RJ14YC7682,0.989778
689.png,SR2x+CLAHE-light,RJ14CY0301,RJ14CY0301,0.987179
69.png,SR2x+CLAHE-light,RJ14CE8303,RJ14CE8303,0.951563
690.png,CLAHE-light,FRJ14CX6821,RJ14CX6821,0.929216
691.png,RAW,RJ45CH8269,RJ45CH8269,0.995719
692.png,SR2x+CLAHE-light,RJ45CU3368,RJ45CU3368,0.992873
693.png,SR2x+CLAHE-light,RJ147C9725,RJ147C9725,0.968037
694.png,SR2x+CLAHE-light,RJ14CV6797,RJ14CV6797,0.960339
695.png,SR2x+CLAHE-light,RJ14CJ8101,RJ14CJ8101,0.981842
696.png,RAW,RJ14TE3395,RJ14TE3395,0.996455
697.png,SR2x+CLAHE-light,RJ147C4090,RJ147C4090,0.982292
698.png,RAW,RJ45CH2533,RJ45CH2533,0.988536
699.png,SR2x+CLAHE-light,RJ14CE8805,RJ14CE8805,0.936774
70.png,RAW,RJ14CL5486,RJ14CL5486,0.993971
701.png,SR2x+CLAHE-light,PRJ14CX7671,RJ14CX7671,0.971107
702.png,SR2x+CLAHE-light,RJ14CJ0773,RJ14CJ0773,0.95068
703.png,CLAHE-light,RJ14CH6264,RJ14CH6264,0.99563
704.png,CLAHE-light,-RJ14UC8718,RJ14UC8718,0.978232
705.png,SR2x+CLAHE-light,FRJ45CL1273,RJ45CL1273,0.941992
706.png,RAW,RJ45CL2546,RJ45CL2546,0.990337
707.png,CLAHE-light,FRJ14LC4382,RJ14LC4382,0.973456
709.png,RAW,RJ14YC8239,RJ14YC8239,0.991283
71.png,SR2x+CLAHE-light,RJ01CB7236,RJ01CB7236,0.966048
710.png,SR2x+CLAHE-light,FRJ45CP6844,RJ45CP6844,0.975187
711.png,RAW,RJ45CD5708,RJ45CD5708,0.996192
712.png,SR2x+CLAHE-light,RJ45CH2533,RJ45CH2533,0.992067
714.png,RAW,RJ14YC7682,RJ14YC7682,0.988487
72.png,RAW,RJ45CN2934,RJ45CN2934,0.993049
74.png,SR2x+CLAHE-light,FRJ45CU0611,RJ45CU0611,0.899575
75.png,SR2x+CLAHE-light,FRJ14C79165,RJ14C79165,0.916398
76.png,RAW,RJ45CJ5888,RJ45CJ5888,0.937404
77.png,RAW,RJ45CU5747,RJ45CU5747,0.981585
78.png,RAW,RJ14UL4748,RJ14UL4748,0.952298
80.png,SR2x+CLAHE-light,RJ18CE4818,RJ18CE4818,0.926642
803.png,SR2x+CLAHE-light,RJ14CK1537,RJ14CK1537,0.983141
804.png,RAW,-RJ45CP1891,RJ45CP1891,0.95376
805.png,SR2x+CLAHE-light,FRJ45CS9822,RJ45CS9822,0.97152
807.png,SR2x+CLAHE-light,FRJ47CA3067,RJ47CA3067,0.926232
808.png,SR2x+CLAHE-light,RJ14CY0301,RJ14CY0301,0.984741
809.png,CLAHE-light,RJ14CK5851,RJ14CK5851,0.994063
81.png,RAW,RJ27CD0805,RJ27CD0805,0.986333
810.png,SR2x+CLAHE-light,RJQ1-UA1712,RJ01UA1712,0.91119
811.png,CLAHE-light,RJ14UD9814,RJ14UD9814,0.985863
812.png,SR2x+CLAHE-light,RJ45CN3445,RJ45CN3445,0.984629
813.png,SR2x+CLAHE-light,RJ14CT2837,RJ14CT2837,0.983963
814.png,SR2x+CLAHE-light,RJ45CW0091,RJ45CW0091,0.983427
815.png,SR2x+CLAHE-light,RJO2CF1365,RJ02CF1365,0.885709
816.png,SR2x+CLAHE-light,RJ14CE1733,RJ14CE1733,0.98973
817.png,SR2x+CLAHE-light,RJ45C09259,RJ45CQ9259,0.93792
818.png,CLAHE-light,RJ45CK8330,RJ45CK8330,0.993748
82.png,RAW,RJ29CA5938,RJ29CA5938,0.986369
820.png,RAW,RJ45CJ6486,RJ45CJ6486,0.965676
821.png,SR2x+CLAHE-light,FRJ14CZ3108,RJ14CZ3108,0.946408
822.png,RAW,FRJ14WC9541,RJ14WC9541,0.923745
823.png,RAW,RJ14CV4657,RJ14CV4657,0.960059
824.png,CLAHE-light,RJ14UF8669,RJ14UF8669,0.967796
825.png,SR2x+CLAHE-light,FRJ15UA1189,RJ15UA1189,0.92259
826.png,RAW,RJ14UH1563,RJ14UH1563,0.982186
827.png,RAW,RJ14CV1914,RJ14CV1914,0.989427
828.png,SR2x+CLAHE-light,RJ07CA5369,RJ07CA5369,0.9764
829.png,SR2x+CLAHE-light,RJ14ZC9897,RJ14ZC9897,0.998719
83.png,RAW,RJ10CA5546,RJ10CA5546,0.994693
830.png,CLAHE-light,RJ45CU7408,RJ45CU7408,0.978988
831.png,SR2x+CLAHE-light,RJ14UG8787,RJ14UG8787,0.9849
832.png,SR2x+CLAHE-light,FRJ40CA7299,RJ40CA7299,0.941941
833.png,SR2x+CLAHE-light,RJ14CZ8986,RJ14CZ8986,0.966401
834.png,RAW,RJ14CZ5755,RJ14CZ5755,0.950706
835.png,RAW,~RJ14CA9687,RJ14CA9687,0.965706
836.png,SR2x+CLAHE-light,RJ45CF1633,RJ45CF1633,0.982108
837.png,RAW,RJ45CV6466,RJ45CV6466,0.987392
838.png,SR2x+CLAHE-light,RJ45CV6605,RJ45CV6605,0.986281
839.png,SR2x+CLAHE-light,RJ45CN0022,RJ45CN0022,0.976564
84.png,RAW,RJ44CA2231,RJ44CA2231,0.991165
840.png,SR2x+CLAHE-light,RJ05CC0003,RJ05CC0003,0.960363
841.png,SR2x+CLAHE-light,RJ14CW9269,RJ14CW9269,0.955842
842.png,CLAHE-light,RJ14CU5690,RJ14CU5690,0.980335
843.png,CLAHE-light,RJ45CG7702,RJ45CG7702,0.988747
844.png,RAW,RJ14ZC7793,RJ14ZC7793,0.988442
845.png,SR2x+CLAHE-light,RJ14UE5553,RJ14UE5553,0.980533
846.png,RAW,RJ45CL2546,RJ45CL2546,0.992721
847.png,SR2x+CLAHE-light,RJ14CL0535,RJ14CL0535,0.992557
848.png,RAW,FRJ45C07703,RJ45CQ7703,0.881694
849.png,RAW,RJ45CS4737,RJ45CS4737,0.986093
85.png,RAW,RJ45CL4748,RJ45CL4748,0.968962
850.png,SR2x+CLAHE-light,RJ45CV1494,RJ45CV1494,0.983722
851.png,RAW,RJ14CX3188,RJ14CX3188,0.966272
852.png,SR2x+CLAHE-light,RJ14CC0979,RJ14CC0979,0.963948
853.png,SR2x+CLAHE-light,RJ45CP6364,RJ45CP6364,0.992237
854.png,SR2x+CLAHE-light,RJ14WC1303,RJ14WC1303,0.988
856.png,RAW,RJ45CP8366,RJ45CP8366,0.991157
857.png,RAW,RJ14CQ3372,RJ14CQ3372,0.976962
858.png,SR2x+CLAHE-light,RJ147C0010,RJ147C0010,0.979973
859.png,RAW,RJ14CT7262,RJ14CT7262,0.969857
86.png,RAW,RJ45CM6898,RJ45CM6898,0.985783
861.png,RAW,RJ14TE0516,RJ14TE0516,0.987202
862.png,RAW,RJ45CU1237,RJ45CU1237,0.993735
863.png,SR2x+CLAHE-light,RJ29CA5938,RJ29CA5938,0.983595
864.png,RAW,RJ14CE3763,RJ14CE3763,0.990472
865.png,SR2x+CLAHE-light,RJ14CZ6795,RJ14CZ6795,0.989501
866.png,RAW,RJ14UH0270,RJ14UH0270,0.939435
867.png,RAW,RJ45CH1213,RJ45CH1213,0.984454
868.png,RAW,RJ45CU1897,RJ45CU1897,0.990408
869.png,RAW,RJ29CA7848,RJ29CA7848,0.990839
87.png,RAW,RJ45CU3690,RJ45CU3690,0.988683
870.png,SR2x+CLAHE-light,RJ45CY0109,RJ45CY0109,0.973236
871.png,SR2x+CLAHE-light,RJ14CC8393,RJ14CC8393,0.962736
872.png,SR2x+CLAHE-light,RJi3CA3418,RJ13CA3418,0.893459
873.png,SR2x+CLAHE-light,RJ14TD074,RJ14TD0740,0.958167
874.png,CLAHE-light,RJ14CY5022,RJ14CY5022,0.986165
875.png,RAW,RJ14CB6100,RJ14CB6100,0.927792
876.png,SR2x+CLAHE-light,RJ21CB 3598,RJ21CB3598,0.964302
877.png,SR2x+CLAHE-light,RJ45CE3482,RJ45CE3482,0.988359
878.png,RAW,RJ14UJ0992,RJ14UJ0992,0.967319
879.png,RAW,FRJ08CA6767,RJ08CA6767,0.956697
88.png,RAW,RJ45CL4097,RJ45CL4097,0.98829
880.png,RAW,-RJ45CN9693,RJ45CN9693,0.957916
881.png,CLAHE-light,RJ140C2447,RJ14QC2447,0.952201
882.png,RAW,RJ45CJ1568,RJ45CJ1568,0.998529
883.png,SR2x+CLAHE-light,RJ45CU2324,RJ45CU2324,0.985064
884.png,RAW,RJ20CD2031,RJ20CD2031,0.968418
885.png,SR2x+CLAHE-light,PRJ14YC2665,RJ14YC2665,0.929133
886.png,CLAHE-light,FRJ01CC1507,RJ01CC1507,0.933503
887.png,CLAHE-light,RJ45CQ5065,RJ45CQ5065,0.983361
888.png,CLAHE-light,FRJ14CW2950,RJ14CW2950,0.94778
889.png,SR2x+CLAHE-light,RJ45CP1665,RJ45CP1665,0.989284
89.png,SR2x+CLAHE-light,RJ14UG8714,RJ14UG8714,0.992972
890.png,RAW,RJ14CV2530,RJ14CV2530,0.950092
891.png,SR2x+CLAHE-light,RJ45CL6572,RJ45CL6572,0.983763
892.png,RAW,FRJ45CK7827,RJ45CK7827,0.974811
893.png,CLAHE-light,RJ14CV6829,RJ14CV6829,0.981025
894.png,RAW,-RJ45CJ1430,RJ45CJ1430,0.944864
895.png,CLAHE-light,RJ45CN5222,RJ45CN5222,0.988251
896.png,RAW,RJ14LC6851,RJ14LC6851,0.992651
898.png,SR2x+CLAHE-light,RJ14ZC6586,RJ14ZC6586,0.990287
899.png,CLAHE-light,FRJ45CK4536,RJ45CK4536,0.974739
90.png,SR2x+CLAHE-light,RJ23CH0055,RJ23CH0055,0.984038
900.png,CLAHE-light,RJ45CF6777,RJ45CF6777,0.988344
901.png,SR2x+CLAHE-light,-RJ45CK6065,RJ45CK6065,0.960578
903.png,CLAHE-light,RJ45CS7352,RJ45CS7352,0.976218
904.png,SR2x+CLAHE-light,RJ18CE5772,RJ18CE5772,0.987961
905.png,RAW,RJ14CN1514,RJ14CN1514,0.933578
906.png,CLAHE-light,PRJ25CA2829,RJ25CA2829,0.912096
907.png,SR2x+CLAHE-light,FRJ01CD3307,RJ01CD3307,0.917642
908.png,RAW,RJ45CR8895,RJ45CR8895,0.99279
909.png,SR2x+CLAHE-light,RJ14UG5091,RJ14UG5091,0.992178
91.png,RAW,RJ27CD0805,RJ27CD0805,0.986333
910.png,SR2x+CLAHE-light,RJ14CM5701,RJ14CM5701,0.983925
911.png,CLAHE-light,RJ34CA6992,RJ34CA6992,0.989858
912.png,RAW,RJ14CP3701,RJ14CP3701,0.982154
913.png,CLAHE-light,FRJ14CT7895,RJ14CT7895,0.972237
914.png,RAW,RJ45CN1428,RJ45CN1428,0.991822
915.png,RAW,RJ01CC8226,RJ01CC8226,0.959688
916.png,RAW,RJ14UH5605,RJ14UH5605,0.984192
917.png,SR2x+CLAHE-light,RJ14CT7375,RJ14CT7375,0.982897
918.png,SR2x+CLAHE-light,RJ14CX2222,RJ14CX2222,0.963295
919.png,SR2x+CLAHE-light,RJ45CE5167,RJ45CE5167,0.995198
920.png,RAW,RJ14WC7009,RJ14WC7009,0.991542
921.png,RAW,RJ14CG7995,RJ14CG7995,0.985506
922.png,RAW,RJ27CF8975,RJ27CF8975,0.992042
923.png,RAW,RJ44CA5682,RJ44CA5682,0.994034
925.png,CLAHE-light,RJ14CB0709,RJ14CB0709,0.970772
926.png,RAW,RJ14WC2831,RJ14WC2831,0.981925
927.png,SR2x+CLAHE-light,RJ14CE4878,RJ14CE4878,0.993764
928.png,SR2x+CLAHE-light,RJ14CH7630,RJ14CH7630,0.987053
929.png,CLAHE-light,RJ14CT6066,RJ14CT6066,0.988938
93.png,CLAHE-light,RJ45CJ0910,RJ45CJ0910,0.978066
930.png,RAW,-RJ14YC1396,RJ14YC1396,0.953399
932.png,SR2x+CLAHE-light,RJ14CQ2418,RJ14CQ2418,0.951264
933.png,CLAHE-light,RJ45CD0869,RJ45CD0869,0.954938
934.png,SR2x+CLAHE-light,RJ45CP9339,RJ45CP9339,0.988906
935.png,RAW,RJ45CS5339,RJ45CS5339,0.994492
936.png,RAW,RJ45CM8976,RJ45CM8976,0.975878
937.png,SR2x+CLAHE-light,RJ14LC9273,RJ14LC9273,0.986496
94.png,RAW,RJ14CW7295,RJ14CW7295,0.98525
940.png,RAW,RJ14TE223,RJ14TE2230,0.988559
941.png,RAW,RJ45CL7917,RJ45CL7917,0.996642
943.png,CLAHE-light,RJ14UK3738,RJ14UK3738,0.992916
944.png,SR2x+CLAHE-light,RJ14 CK 7225,RJ14CK7225,0.986492
945.png,SR2x+CLAHE-light,RJ14LC9745,RJ14LC9745,0.979843
946.png,SR2x+CLAHE-light,RJ20CF3549,RJ20CF3549,0.985281
947.png,RAW,RJ45CS2356,RJ45CS2356,0.990371
948.png,CLAHE-light,FRJ140C0039,RJ14QC0039,0.958779
949.png,SR2x+CLAHE-light,RJ45C66212,RJ45C66212,0.947868
95.png,SR2x+CLAHE-light,IND,RJ1NDO0000,0.99823
950.png,SR2x+CLAHE-light,RJ03CA0112,RJ03CA0112,0.975352
951.png,SR2x+CLAHE-light,RJ07C86719,RJ07CB6719,0.96326
952.png,SR2x+CLAHE-light,RJ14UG5129,RJ14UG5129,0.988931
953.png,CLAHE-light,RJ14CP6305,RJ14CP6305,0.995127
954.png,CLAHE-light,RJ14XC3991,RJ14XC3991,0.985072
955.png,RAW,RJ45CT7757,RJ45CT7757,0.998598
956.png,CLAHE-light,PRJ18CA7887,RJ18CA7887,0.928942
957.png,SR2x+CLAHE-light,RJ14CT4486,RJ14CT4486,0.982798
958.png,SR2x+CLAHE-light,RJ02CC3703,RJ02CC3703,0.960513
959.png,SR2x+CLAHE-light,FRJ14VC7282,RJ14VC7282,0.929161
96.png,SR2x+CLAHE-light,-RS14VC4705,RJR5I4VC47,0.908295
960.png,SR2x+CLAHE-light,FRJ14NC3463,RJ14NC3463,0.955595
961.png,RAW,RJ45CG7977,RJ45CG7977,0.980863
962.png,RAW,RJ45CE6848,RJ45CE6848,0.988635
963.png,RAW,RJ14CV9747,RJ14CV9747,0.981632
964.png,SR2x+CLAHE-light,RJ45CJ8172,RJ45CJ8172,0.990341
965.png,SR2x+CLAHE-light,RJ45CE9904,RJ45CE9904,0.986044
966.png,SR2x+CLAHE-light,FRJ14VC9553,RJ14VC9553,0.935699
968.png,SR2x+CLAHE-light,RJ20CB5507,RJ20CB5507,0.967923
969.png,SR2x+CLAHE-light,RJ14CL4698,RJ14CL4698,0.979062
97.png,CLAHE-light,RJ14CY5251,RJ14CY5251,0.975226
970.png,SR2x+CLAHE-light,RJ14CT0511,RJ14CT0511,0.883839
972.png,RAW,RJ14UF0093,RJ14UF0093,0.983951
973.png,RAW,RJ14 Ch 8599,RJ14CH8599,0.982695
974.png,RAW,RJ45C00229,RJ45CQ0229,0.956529
975.png,RAW,RJ140C1197,RJ14QC1197,0.972358
977.png,RAW,R.J14CX7310,RJ14CX7310,0.9026
979.png,CLAHE-light,RJ14CK0216,RJ14CK0216,0.984682
98.png,SR2x+CLAHE-light,RJ14UH9149,RJ14UH9149,0.986633
980.png,CLAHE-light,RJ14CV8966,RJ14CV8966,0.970872
981.png,SR2x+CLAHE-light,RJ45CP0711,RJ45CP0711,0.991018
982.png,SR2x+CLAHE-light,RJ14CJ5999,RJ14CJ5999,0.975778
983.png,SR2x+CLAHE-light,FRJ30CA9288,RJ30CA9288,0.969672
984.png,SR2x+CLAHE-light,-RJ14TE2451,RJ14TE2451,0.930104
985.png,SR2x+CLAHE-light,RJI4CZ3493,RJ14CZ3493,0.849816
986.png,SR2x+CLAHE-light,FRJ14WC1332,RJ14WC1332,0.925328
987.png,SR2x+CLAHE-light,RJ14UD9814,RJ14UD9814,0.992076
988.png,RAW,RJ45CJ 3251,RJ45CJ3251,0.955656
989.png,SR2x+CLAHE-light,FRJ14CV1585,RJ14CV1585,0.964705
99.png,RAW,RJ14CU4226,RJ14CU4226,0.973572
990.png,SR2x+CLAHE-light,RJ14CD7590,RJ14CD7590,0.960058
992.png,RAW,RJ45CG0374,RJ45CG0374,0.968364
993.png,RAW,RJ14CY3589,RJ14CY3589,0.994279
994.png,SR2x+CLAHE-light,RJ45CK5666,RJ45CK5666,0.995089
995.png,RAW,RJ45CF2591,RJ45CF2591,0.995599
996.png,SR2x+CLAHE-light,RJ45CM6777,RJ45CM6777,0.990147
997.png,SR2x+CLAHE-light,RJ07CD4085,RJ07CD4085,0.968906
998.png,RAW,RJ36CA7025,RJ36CA7025,0.990634
999.png,RAW,RJ140C5325,RJ14QC5325,0.969938
